Id,Label
Academy,Academy
Palatine,Palatine
Esquiline,Esquiline
Capitol,Capitol
Rome,Rome
Ida,Ida
Salamis,Salamis
Ethiopia,Ethiopia
Egypt,Egypt
Modena,Modena
Bosphorus,Bosphorus
Dalmatia,Dalmatia
Cyrenaica,Cyrenaica
Narbonne,Narbonne
Ostia,Ostia
Vienne,Vienne
Italy,Italy
Black Sea,Black Sea
Pompei,Pompei
Etruria,Etruria
Bolsena,Bolsena
Temple,Temple
Terracina,Terracina
Lucania,Lucania
Compsa,Compsa
Ameria,Ameria
Tuder,Tuder
Aegospotami,Aegospotami
Thrace,Thrace
Abydos,Abydos
Potidaea,Potidaea
Locri,Locri
Rhodes,Rhodes
Syracuse,Syracuse
Pelion,Pelion
Alps,Alps
Cadiz,Cadiz
Scythia,Scythia
Caspian Sea,Caspian Sea
Maeotic,Maeotic
Mauretania,Mauretania
Carthage,Carthage
Arabia,Arabia
Cave-dweller Country,Cave-dweller Country
Alexandria,Alexandria
Meroe,Meroe
Arbela,Arbela
Sicily,Sicily
Campania,Campania
Armenia,Armenia
Sicyon,Sicyon
Elis,Elis
Ancona,Ancona
Syene,Syene
India,India
Berenice,Berenice
Ptolemais,Ptolemais
Red Sea,Red Sea
Nile,Nile
Britain,Britain
Thule,Thule
Sparta,Sparta
Taygetus,Taygetus
Apennines,Apennines
Naples,Naples
Trasimene,Trasimene
Echinades,Echinades
Achelous,Achelous
Pharos,Pharos
Circei,Circei
Ambracia,Ambracia
Piraeus,Piraeus
Ephesus,Ephesus
temple,temple
Memphis,Memphis
Ilium,Ilium
Maeander,Maeander
Delos,Delos
Anaphe,Anaphe
Melos,Melos
Lemnos,Lemnos
Dardanelles,Dardanelles
Halone,Halone
Lebedos,Lebedos
Teos,Teos
Cyclades,Cyclades
Thera,Thera
Therasia,Therasia
Hiera,Hiera
Automate,Automate
Thia,Thia
Aeolian Islands,Aeolian Islands
Crete,Crete
Pithecusae,Pithecusae
Cyprus,Cyprus
Syria,Syria
Euboea,Euboea
Boeotia,Boeotia
Atalante,Atalante
Besbicus,Besbicus
Bithynia,Bithynia
Antissa,Antissa
Lesbos,Lesbos
Halicarnassus,Halicarnassus
Myndus,Myndus
Miletus,Miletus
Hybanda,Hybanda
Magnesia,Magnesia
Epidaurus,Epidaurus
Oricum,Oricum
Acarnania,Acarnania
Ambracian Gulf,Ambracian Gulf
Achaea,Achaea
Gulf of Corinth,Gulf of Corinth
Propontis,Propontis
Leucas,Leucas
Antirrhium,Antirrhium
Caria,Caria
Sipylus,Sipylus
Gamale,Gamale
Phoenicia,Phoenicia
Maeotis,Maeotis
Helice,Helice
Bura,Bura
Ceos,Ceos
Tyndaris,Tyndaris
Eleusis,Eleusis
Sinuessa,Sinuessa
Pozzuoli,Pozzuoli
Hierapolis,Hierapolis
Delphi,Delphi
Gabii,Gabii
Reate,Reate
Vadimon,Vadimon
Lydia,Lydia
Nymphaion,Nymphaion
Paphos,Paphos
shrine of Venus,shrine of Venus
Nea,Nea
Troad,Troad
Harpasa,Harpasa
Assos,Assos
Indus,Indus
Croton,Croton
Lycia,Lycia
Arpi,Arpi
Veii,Veii
Tusculum,Tusculum
Crustuminum,Crustuminum
Utica,Utica
Syrtes,Syrtes
Taormina,Taormina
Baetis,Baetis
Hispalis,Hispalis
Messina,Messina
Mylae,Mylae
Lake Fucinus,Lake Fucinus
Como,Como
Ticinus,Ticinus
Rhone,Rhone
Lemannus,Lemannus
Orontes,Orontes
Arethusa,Arethusa
Alpheus,Alpheus
Olympia,Olympia
Peloponnese,Peloponnese
Lycus,Lycus
Erasinus,Erasinus
Argolid,Argolid
Tigris,Tigris
Athens,Athens
Phaleron,Phaleron
Aquileia,Aquileia
Asphaltis,Asphaltis
Judea,Judea
Manduria,Manduria
Picenum,Picenum
Colchis,Colchis
Sorrentum,Sorrentum
Baiae,Baiae
Ischia,Ischia
Liris,Liris
Chelidoniae,Chelidoniae
Aradus,Aradus
Pisa,Pisa
Vetulonia,Vetulonia
Casinum,Casinum
Stymphalis,Stymphalis
Arcadia,Arcadia
Dodona,Dodona
Illyria,Illyria
Ammon,Ammon
Trogodytis,Trogodytis
Po,Po
Tenedos,Tenedos
Falerii,Falerii
Melas,Melas
Cephisus,Cephisus
Peneus,Peneus
Xanthus,Xanthus
Brindisi,Brindisi
Lyncestis,Lyncestis
Paphlagonia,Paphlagonia
Cales,Cales
Andros,Andros
Styx,Styx
Nonacris,Nonacris
Colophon,Colophon
Etna,Etna
Samosata,Samosata
Commagene,Commagene
Babylon,Babylon
Parthia,Parthia
Chimaera,Chimaera
Phaselis,Phaselis
Bactria,Bactria
Media,Media
Persia,Persia
Susa,Susa
Megalopolis,Megalopolis
Apollonia,Apollonia
Holy Island,Holy Island
Lipari,Lipari
Mutina,Mutina
Aricia,Aricia
Egnatia,Egnatia
Lacinium,Lacinium
Pillars,Pillars
Sacred Promontory,Sacred Promontory
Ganges,Ganges
Parthyene,Parthyene
Myriandrus,Myriandrus
Issic gulf,Issic gulf
Patara,Patara
Astypalaea,Astypalaea
Taenarus,Taenarus
Laconia,Laconia
Lilybaion,Lilybaion
Caralis,Caralis
Sardinia,Sardinia
Euphrates,Euphrates
Mazaca,Mazaca
Cappadocia,Cappadocia
Aegean Sea,Aegean Sea
Isthmus,Isthmus
Patras,Patras
Corcyra,Corcyra
Acroceraunia,Acroceraunia
Scingomagum,Scingomagum
Pyrenees,Pyrenees
Illiberis,Illiberis
Cnidus,Cnidus
Cos,Cos
Samos,Samos
Chios,Chios
Mitylene,Mitylene
Sigeum,Sigeum
Carambis,Carambis
Tanais,Tanais
Gades,Gades
Mellaria,Mellaria
Calpe,Calpe
Bruttium,Bruttium
Baetica,Baetica
Lusitania,Lusitania
Ana,Ana
Corduba,Corduba
Astigi,Astigi
Onoba,Onoba
Baesippo,Baesippo
Baelo,Baelo
Carteia,Carteia
Tartessos,Tartessos
Salduba,Salduba
Malaca,Malaca
Maenoba,Maenoba
Sexifirmum,Sexifirmum
Abdera,Abdera
Anas,Anas
Tarraco,Tarraco
Ilorcum,Ilorcum
Segida,Segida
Ulia,Ulia
Alba,Alba
Ebora,Ebora
Iliberri,Iliberri
Ilipula,Ilipula
Artigi,Artigi
Singili,Singili
Ategua,Ategua
Ilurco,Ilurco
Iliturgi,Iliturgi
Isturgi,Isturgi
Obulco,Obulco
Sacili,Sacili
Carbula,Carbula
Ilipa,Ilipa
Italica,Italica
Lucurgentum,Lucurgentum
Nebrissa,Nebrissa
Hasta,Hasta
Tucci,Tucci
Itucci,Itucci
Ucubi,Ucubi
Urso,Urso
Munda,Munda
Ostippo,Ostippo
Callet,Callet
Callicula,Callicula
Seria,Seria
Nertobriga,Nertobriga
Ugultunia,Ugultunia
Celtica,Celtica
Acinippo,Acinippo
Arunda,Arunda
Mirobriga,Mirobriga
Sisapo,Sisapo
Regina,Regina
Urgia,Urgia
Lacippo,Lacippo
Iptuci,Iptuci
Saudo,Saudo
Castulo,Castulo
trophies,trophies
Caesar Augusta,Caesar Augusta
Clunia,Clunia
Asturica,Asturica
Lucus,Lucus
Tagus,Tagus
New Carthage,New Carthage
Caesarea,Caesarea
Mauritania,Mauritania
Ilici,Ilici
Lucentum,Lucentum
Dianium,Dianium
Sucro,Sucro
Celtiberia,Celtiberia
Valentia,Valentia
Saguntum,Saguntum
Iberus,Iberus
Juliobriga,Juliobriga
Varia,Varia
Iberia,Iberia
Subur,Subur
Rubricatum,Rubricatum
Barcino,Barcino
Baetulo,Baetulo
Iluro,Iluro
Blandae,Blandae
Emporiae,Emporiae
Venus Pyrenaea,Venus Pyrenaea
Accitana colony,Accitana colony
Libisosona,Libisosona
Salaria,Salaria
Latium,Latium
Segobriga,Segobriga
Toletum,Toletum
Tritium,Tritium
Virovesca,Virovesca
Segontia,Segontia
Uxama,Uxama
Segovia,Segovia
Termes,Termes
Varus,Varus
Jura,Jura
Ruscino,Ruscino
Narbo,Narbo
Agatha,Agatha
Rhoda,Rhoda
Rhodanus,Rhodanus
Lemanus,Lemanus
Arar,Arar
Isara,Isara
Druentia,Druentia
Massilia,Massilia
Citharista,Citharista
Forum Julii,Forum Julii
Antipolis,Antipolis
Arelate,Arelate
Sextanorum,Sextanorum
Beterrae,Beterrae
Arausio,Arausio
Aquae Sextiae,Aquae Sextiae
Avenio,Avenio
Apta Julia,Apta Julia
Alebece,Alebece
Cabellio,Cabellio
Carcasum,Carcasum
Cessero,Cessero
Carpentoracte,Carpentoracte
Forum Voconi,Forum Voconi
Glanum,Glanum
Nemausum,Nemausum
Aquitania,Aquitania
Vasio,Vasio
Lucus Augusti,Lucus Augusti
Tiber,Tiber
Leucopetra,Leucopetra
Praetoria Augusta,Praetoria Augusta
Capua,Capua
Rhegium,Rhegium
Adriatic,Adriatic
Alsium,Alsium
Istria,Istria
Liburnia,Liburnia
Epirus,Epirus
Illyricum,Illyricum
Corsica,Corsica
Issa,Issa
Nicaea,Nicaea
Cemenelio,Cemenelio
Albium Intemelium,Albium Intemelium
Albium Ingaunum,Albium Ingaunum
Genua,Genua
Macra,Macra
Liguria,Liguria
Padus,Padus
Libarna,Libarna
Dertona,Dertona
Barderate,Barderate
Industria,Industria
Pollentia,Pollentia
Carrea Potentia,Carrea Potentia
Augusta of the Vagienni,Augusta of the Vagienni
Alba Pompeia,Alba Pompeia
Asta,Asta
Aquae Statiellorum,Aquae Statiellorum
Luna,Luna
Luca,Luca
Pisae,Pisae
Arnus,Arnus
Volaterrana,Volaterrana
Populonium,Populonium
Telamon,Telamon
Cosa,Cosa
Graviscae,Graviscae
Castrum novum,Castrum novum
Pyrgi,Pyrgi
Caere,Caere
Agylla,Agylla
Fregenae,Fregenae
Lucus Feroniae,Lucus Feroniae
Rusellana,Rusellana
Sutrina,Sutrina
Faesulae,Faesulae
Ferentinum,Ferentinum
Perusia,Perusia
Crustumerium,Crustumerium
Tifernum,Tifernum
Ocriculum,Ocriculum
Anio,Anio
City,City
Circeii,Circeii
Laurentum,Laurentum
Ardea,Ardea
Antium,Antium
Astura,Astura
Anxur,Anxur
Caieta,Caieta
Formiae,Formiae
Hormiae,Hormiae
Minturnae,Minturnae
Setia,Setia
Surrentum,Surrentum
Volturnum,Volturnum
Liternum,Liternum
Cumae,Cumae
Misenum,Misenum
Bauli,Bauli
Lucrine Lake,Lucrine Lake
Avernus,Avernus
Puteoli,Puteoli
Dicaearchia,Dicaearchia
Neapolis,Neapolis
Parthenope,Parthenope
Herculaneum,Herculaneum
Pompeii,Pompeii
Vesuvius,Vesuvius
Sarnus,Sarnus
Nuceria,Nuceria
Promontory,Promontory
Aquinum,Aquinum
Suessa,Suessa
Venafrum,Venafrum
Sora,Sora
Teanum,Teanum
Sidicinum,Sidicinum
Nola,Nola
Abella,Abella
Alba Longa,Alba Longa
Bovillae,Bovillae
Calatia,Calatia
Alban Mount,Alban Mount
Forum Appi,Forum Appi
Forum,Forum
Praetorian encampment ,Praetorian encampment 
Satricum,Satricum
Pometia,Pometia
Scaptia,Scaptia
Politorium,Politorium
Tellene,Tellene
Caenina,Caenina
Ficana,Ficana
Medullum,Medullum
Corniculum,Corniculum
Saturnia,Saturnia
Janiculum,Janiculum
Antemnae,Antemnae
Collatia,Collatia
Norbe,Norbe
Sulmo,Sulmo
Stabiae,Stabiae
Casilinum,Casilinum
Silarus,Silarus
Argive Juno,Argive Juno
Salernum,Salernum
Paestum,Paestum
Posidonia,Posidonia
Elea,Elea
Velia,Velia
Buxentum,Buxentum
Pyxus,Pyxus
Laus,Laus
Blanda,Blanda
Vibo,Vibo
Temsa,Temsa
Terina,Terina
Crotona,Crotona
Consentia,Consentia
Hippo,Hippo
Vibo Valentia,Vibo Valentia
Metaurus,Metaurus
Medma,Medma
Scyllaion,Scyllaion
Caenys,Caenys
Pelorus,Pelorus
Zephyrium,Zephyrium
Porthmos,Porthmos
Tuscan sea,Tuscan sea
Tyrrhenian sea,Tyrrhenian sea
Baleares,Baleares
Pityussae,Pityussae
Ebusus,Ebusus
Colubraria,Colubraria
Gymnasiae,Gymnasiae
Palma,Palma
Sanisera,Sanisera
Capraria,Capraria
Stoechades,Stoechades
Lero,Lero
Lerina,Lerina
Cyrnos,Cyrnos
Mariana,Mariana
Aleria,Aleria
Ilva,Ilva
Aethalia,Aethalia
Planasia,Planasia
Pontiae,Pontiae
Pandateria,Pandateria
Aenaria,Aenaria
Pithecusa,Pithecusa
Capreae,Capreae
Gordis,Gordis
Sulcis,Sulcis
Ad Turrim Libysonis,Ad Turrim Libysonis
Trinacria,Trinacria
rock of Scylla,rock of Scylla
Charybdis,Charybdis
Pachynum,Pachynum
Peloponnesus,Peloponnesus
promontory of Mercury,promontory of Mercury
Ionian Sea,Ionian Sea
Messana,Messana
Drepanum,Drepanum
Tauromenium,Tauromenium
Naxos,Naxos
Aetna,Aetna
Catina,Catina
Symaethus,Symaethus
Leontinum,Leontinum
Megaris,Megaris
Camarina,Camarina
Agrigentum,Agrigentum
Thermae,Thermae
Selinus,Selinus
Drepana,Drepana
Eryx,Eryx
Panhormus,Panhormus
Solus,Solus
Himera,Himera
Cephaloedis,Cephaloedis
Aluntium,Aluntium
Agathyrnum,Agathyrnum
Mytistratini,Mytistratini
Gaulos,Gaulos
Melita,Melita
Camerina,Camerina
Cosyra,Cosyra
Lopadusa,Lopadusa
Aegusa,Aegusa
Soluntum,Soluntum
Aeolian,Aeolian
Lipara,Lipara
Strongyle,Strongyle
Didyme,Didyme
Caulon,Caulon
Scylacium,Scylacium
Scylletium,Scylletium
Petilia,Petilia
Acroceraunium,Acroceraunium
Thurii,Thurii
Crathis,Crathis
Sybaris,Sybaris
Siris,Siris
Metapontum,Metapontum
Thebes,Thebes
Pandosia,Pandosia
Calabria,Calabria
Apulia,Apulia
Tarentum,Tarentum
Messapia,Messapia
Peucetia,Peucetia
Brundusium,Brundusium
Uria,Uria
Callipolis,Callipolis
Acra Iapygia,Acra Iapygia
Hydruntum,Hydruntum
Ionian,Ionian
Soletum,Soletum
Lupia,Lupia
Caelia,Caelia
Brundisium,Brundisium
Dyrrachium,Dyrrachium
Rudiae,Rudiae
Barium,Barium
Iapygia,Iapygia
Aufidus,Aufidus
Canusium,Canusium
Salapia,Salapia
Sipontum,Sipontum
Garganus,Garganus
Larinum,Larinum
Luceria,Luceria
Venusia,Venusia
Argos Hippium,Argos Hippium
Beneventum,Beneventum
Ortona,Ortona
Bovianum,Bovianum
Sublaqueum,Sublaqueum
Adria,Adria
Praetutia,Praetutia
Truentum,Truentum
Cupra,Cupra
Asculum,Asculum
Potentia,Potentia
Numana,Numana
Urbs Salvia,Urbs Salvia
Ariminum,Ariminum
Aesis,Aesis
Senogallia,Senogallia
Fanum Fortunae,Fanum Fortunae
Pisaurum,Pisaurum
Hispellum,Hispellum
Nequinum,Nequinum
Interamna,Interamna
Rubicon,Rubicon
Ravenna,Ravenna
Bononia,Bononia
Felsina,Felsina
Brixillum,Brixillum
Parma,Parma
Placentia,Placentia
Caesena,Caesena
Claterna,Claterna
Forum Livi,Forum Livi
Forum Corneli,Forum Corneli
Eridanus,Eridanus
Trebia,Trebia
Rhenus,Rhenus
Altinum,Altinum
Spina,Spina
Atria,Atria
Segusio,Segusio
Augusta Taurinorum,Augusta Taurinorum
Augusta Praetoria,Augusta Praetoria
Eporedia,Eporedia
Vercellae,Vercellae
Novaria,Novaria
Ticinum,Ticinum
Laus Pompeia,Laus Pompeia
Mediolanum,Mediolanum
Comum,Comum
Bergomum,Bergomum
Venetia,Venetia
Opitergium,Opitergium
Concordia,Concordia
Tergeste,Tergeste
Ister,Ister
Danube,Danube
Nauportus,Nauportus
Aemona,Aemona
Pola,Pola
Cremona,Cremona
Brixia,Brixia
Acelum,Acelum
Patavium,Patavium
Vicetia,Vicetia
Mantua,Mantua
Verona,Verona
Var,Var
trophy,trophy
Encheleae,Encheleae
Scardona,Scardona
Absyrtium,Absyrtium
Iadera,Iadera
Tragurium,Tragurium
Salona,Salona
Narona,Narona
Epidaurum,Epidaurum
Rhizinium,Rhizinium
Olcinium,Olcinium
Scodra,Scodra
Lissum,Lissum
Epidamnum,Epidamnum
Macedonia,Macedonia
Dassaretae,Dassaretae
Candavia,Candavia
Dyrrhachium,Dyrrhachium
Aous,Aous
Aeas,Aeas
Virunum,Virunum
Teurnia,Teurnia
Sabaria,Sabaria
Scarabantia,Scarabantia
Pannonia,Pannonia
Noricum,Noricum
Sirmium,Sirmium
Taurunum,Taurunum
Moesia,Moesia
Euxine,Euxine
Rhodope,Rhodope
Haemus,Haemus
ADRIATIC,ADRIATIC
Diomedia,Diomedia
Absyrtides,Absyrtides
Electrides,Electrides
Iader,Iader
Pharia,Pharia
Corcyra Melaena,Corcyra Melaena
Melite,Melite
Sasonis,Sasonis
Hellespont,Hellespont
Aitolia,Aitolia
Phocis,Phocis
Locris,Locris
Achaia,Achaia
Messenia,Messenia
Argolis,Argolis
Attica,Attica
Doris,Doris
Phthiotis,Phthiotis
Thessalia,Thessalia
Chaonia,Chaonia
Pindus,Pindus
Tomarus,Tomarus
Chimaer,Chimaer
Maeandria,Maeandria
Cestria,Cestria
Thyamis,Thyamis
Thesprotia,Thesprotia
Buthrotum,Buthrotum
Acheron,Acheron
Acherusia,Acherusia
Aphas,Aphas
Arachthus,Arachthus
Anactoria,Anactoria
Heraclia,Heraclia
Echinus,Echinus
Actium,Actium
Nicopolis,Nicopolis
Leucadia,Leucadia
Leucate,Leucate
Alyzia,Alyzia
Stratos,Stratos
Argos,Argos
Artemita,Artemita
Tymphaei,Tymphaei
Atrax,Atrax
Calydon,Calydon
Evenus,Evenus
Macynia,Macynia
Molycria,Molycria
Chalcis,Chalcis
Taphiassus,Taphiassus
Corinthian Gulf,Corinthian Gulf
Rhion,Rhion
Naupactus,Naupactus
Pylene,Pylene
Pleuron,Pleuron
Halicyrna,Halicyrna
Crania,Crania
Aracynthus,Aracynthus
Locri surnamed Ozolae,Locri surnamed Ozolae
Oianthe,Oianthe
Phaestum,Phaestum
Cirrha,Cirrha
Chalaeon,Chalaeon
Parnassus,Parnassus
Castalia,Castalia
Lilaea,Lilaea
Crissa,Crissa
Anticyra,Anticyra
Amphissa,Amphissa
Tithrone,Tithrone
Tritea,Tritea
Ambrysus,Ambrysus
Drymaea,Drymaea
Daulis,Daulis
Siphae,Siphae
Corsian,Corsian
Helicon,Helicon
Pagae,Pagae
Aegean,Aegean
Saronic,Saronic
Lecheae,Lecheae
Cenchreae,Cenchreae
canal,canal
Corinth,Corinth
Acrocorinthus,Acrocorinthus
Patrae,Patrae
Olyros,Olyros
Pellene,Pellene
Sikyon,Sikyon
Aegira,Aegira
Aegium,Aegium
Erineos,Erineos
Kleonai,Kleonai
Hysiae,Hysiae
Panormus,Panormus
Rhium,Rhium
Pherae,Pherae
Olenum,Olenum
Dyme,Dyme
Buprasium,Buprasium
Hyrmine,Hyrmine
Araxus,Araxus
Cyllene,Cyllene
Chelonates,Chelonates
Pheia,Pheia
Araethyrea,Araethyrea
Ichthys,Ichthys
Aulon,Aulon
Leprion,Leprion
Platanodes,Platanodes
Cyparissa,Cyparissa
Pylos,Pylos
Methone,Methone
Helos,Helos
Acritas,Acritas
Asine,Asine
Corone,Corone
Taenarum,Taenarum
Pamisus,Pamisus
Messene,Messene
Ithome,Ithome
Oichalia,Oichalia
Arene,Arene
Pteleon,Pteleon
Thryon,Thryon
Dorion,Dorion
Amyclae,Amyclae
Leuctra,Leuctra
Theramne,Theramne
Cardamyle,Cardamyle
Pitane,Pitane
Anthea,Anthea
Thyrea,Thyrea
Gerenia,Gerenia
Eurotas,Eurotas
Psamathus,Psamathus
Gytheum,Gytheum
Malea,Malea
Argolic Gulf,Argolic Gulf
Boea,Boea
Epidaurus surnamed Limera,Epidaurus surnamed Limera
Zarax,Zarax
Cyphanta,Cyphanta
Inachus,Inachus
Lerna,Lerna
Mycenae,Mycenae
Tiryns,Tiryns
Mantinea,Mantinea
Artemius,Artemius
Apesantus,Apesantus
Isthmus of Corinth,Isthmus of Corinth
Hermione,Hermione
Troezen,Troezen
Coryphasium,Coryphasium
Spiraion,Spiraion
Anthedus,Anthedus
Bucephalus,Bucephalus
Megara,Megara
Psophis,Psophis
Stymphalus,Stymphalus
Tegea,Tegea
Orchomenus,Orchomenus
Pheneum,Pheneum
Palantium,Palantium
Gortyna,Gortyna
Carnion,Carnion
Parrhasia,Parrhasia
Thelpusa,Thelpusa
Melaenae,Melaenae
Heraea,Heraea
Pallene,Pallene
Epium,Epium
Cynaethae,Cynaethae
Lepreon,Lepreon
Parthenium,Parthenium
Alea,Alea
Methydrium,Methydrium
Enispe,Enispe
Macistum,Macistum
Lampia,Lampia
Clitorium,Clitorium
Nemea,Nemea
Pholoe,Pholoe
Lycaeus,Lycaeus
Lycaean,Lycaean
Maenalus,Maenalus
Artemisius,Artemisius
Parthenius,Parthenius
Lampeus,Lampeus
Ladon,Ladon
Pheneus,Pheneus
Erymanthus,Erymanthus
Phlious,Phlious
Aegosthena,Aegosthena
Schoenos,Schoenos
Sidus,Sidus
Cremmyon,Cremmyon
Scironian Rocks,Scironian Rocks
Geranea,Geranea
Oinoe,Oinoe
Probalinthos,Probalinthos
Phalerum,Phalerum
wall,wall
Cephisia,Cephisia
Callirrhoe,Callirrhoe
Brilessus,Brilessus
Hymettus,Hymettus
Lycabettus,Lycabettus
Ilissus,Ilissus
Sounion,Sounion
Thoricos,Thoricos
Potamos,Potamos
Steria,Steria
Brauron,Brauron
Rhamnus,Rhamnus
Marathon,Marathon
Oropus,Oropus
Anthedon,Anthedon
Onchestus,Onchestus
Thespiae,Thespiae
Lebadea,Lebadea
birth-place of the Muses,birth-place of the Muses
Cithaeron,Cithaeron
Ismenus,Ismenus
Dirce,Dirce
Hippocrene,Hippocrene
Gargaphie,Gargaphie
Mycalesos,Mycalesos
Acontius,Acontius
Eleutherae,Eleutherae
Haliartus,Haliartus
Plataeae,Plataeae
Aspledon,Aspledon
Hyle,Hyle
Thisbe,Thisbe
Erythrae,Erythrae
Glissas,Glissas
Copae,Copae
Larymna,Larymna
Anchoa,Anchoa
Medeon,Medeon
Phlygone,Phlygone
Acraephia,Acraephia
Coronea,Coronea
Chaeronea,Chaeronea
Ocalea,Ocalea
Heleon,Heleon
Scolos,Scolos
Peteon,Peteon
Hyriae,Hyriae
Iresion,Iresion
Tanagra,Tanagra
Euripus,Euripus
Aulis,Aulis
Opus,Opus
Cynos,Cynos
Daphnus,Daphnus
Elatea,Elatea
Cnemis,Cnemis
Hyampolis,Hyampolis
Thronium,Thronium
Boagrius,Boagrius
Narycion,Narycion
Alope,Alope
Scarphia,Scarphia
Maliac,Maliac
Phalara,Phalara
Sperchios,Sperchios
Erineon,Erineon
Boion,Boion
Cytinum,Cytinum
Oita,Oita
Haemonia,Haemonia
Thessaly,Thessaly
Dryopis,Dryopis
Sperchius,Sperchius
Thermopylae,Thermopylae
Heraclea,Heraclea
Callidromus,Callidromus
Halos,Halos
Lamia,Lamia
Phthia,Phthia
Arne,Arne
Pelinna,Pelinna
Hyperia,Hyperia
Pieria,Pieria
Larisa,Larisa
Gomphi,Gomphi
Pagasa,Pagasa
Demetrias,Demetrias
Pharsalia,Pharsalia
Crannon,Crannon
Bermius,Bermius
Olympus,Olympus
Ossa,Ossa
Othrys,Othrys
Apidanus,Apidanus
Enipeus,Enipeus
Onochonus,Onochonus
Pamisos,Pamisos
Boebeis,Boebeis
Tempe,Tempe
Libethra,Libethra
Iolcos,Iolcos
Ormenium,Ormenium
Olizon,Olizon
Sepias,Sepias
Castana,Castana
Spalathra,Spalathra
Aeantium,Aeantium
Meliboea,Meliboea
Rhizus,Rhizus
Eurymenai,Eurymenai
Homolium,Homolium
Orthe,Orthe
Iresiae,Iresiae
Phalanna,Phalanna
Thaumacie,Thaumacie
Gyrton,Gyrton
Dotion,Dotion
Phylace,Phylace
Potniae,Potniae
Emathia,Emathia
Paeonia,Paeonia
Pelagonia,Pelagonia
Aegiae,Aegiae
Beroea,Beroea
Aiginium,Aiginium
Pydna,Pydna
Aloros,Aloros
Haliacmon,Haliacmon
Pella,Pella
Stobi,Stobi
Antigonea,Antigonea
Europus,Europus
Axius,Axius
Scydra,Scydra
Eordaea,Eordaea
Mieza,Mieza
Gordyniae,Gordyniae
Ichne,Ichne
Almopii,Almopii
Orbelus,Orbelus
Bullis,Bullis
Dium,Dium
Heraclea Sintica,Heraclea Sintica
Chalastra,Chalastra
Piloros,Piloros
Lete,Lete
Thessalonica,Thessalonica
Dicaea,Dicaea
Scione,Scione
Canastraion,Canastraion
Phlegra,Phlegra
Mendae,Mendae
Anthemus,Anthemus
Olophyxus,Olophyxus
Mecyberna,Mecyberna
Torone,Torone
Singos,Singos
Athos,Athos
Acroathon,Acroathon
Uranopolis,Uranopolis
Thyssus,Thyssus
Cassera,Cassera
Acanthus,Acanthus
Stagira,Stagira
Sithone,Sithone
Mygdonia,Mygdonia
Amphipolis,Amphipolis
Strymon,Strymon
Albania,Albania
Taurus,Taurus
Caucasus,Caucasus
Mestus,Mestus
Pangaion,Pangaion
Hebrus,Hebrus
Philippopolis,Philippopolis
Oisyma,Oisyma
Datos,Datos
Philippi,Philippi
Scotussa,Scotussa
Topiris,Topiris
Pangaeus,Pangaeus
Olynthos,Olynthos
Maronea,Maronea
Orthagorea,Orthagorea
Serrium,Serrium
Zone,Zone
Doriscus,Doriscus
Aenos,Aenos
Macron Tichos,Macron Tichos
Cypsela,Cypsela
Bisanthe,Bisanthe
Chersonesus,Chersonesus
Histropolis,Histropolis
Tomi,Tomi
Callatis,Callatis
Bizone,Bizone
Dionysopolis,Dionysopolis
Parthenopolis,Parthenopolis
Odessus,Odessus
Mesembria,Mesembria
Anchialum,Anchialum
Thynias,Thynias
Halmydessos,Halmydessos
Develton,Develton
Phinopolis,Phinopolis
Bosporus,Bosporus
Byzantium,Byzantium
Athyras,Athyras
Selymbria,Selymbria
Perinthus,Perinthus
Bizya,Bizya
Apros,Apros
Ganos,Ganos
Lysimachia,Lysimachia
Pactye,Pactye
Cardia,Cardia
Tiristasis,Tiristasis
Crithotes,Crithotes
Cissa,Cissa
Aegos,Aegos
Resistos,Resistos
Parium,Parium
Sestos,Sestos
Lampsacus,Lampsacus
Mastusia,Mastusia
Cynossema,Cynossema
Elaeus,Elaeus
Tenos,Tenos
Myrtos,Myrtos
Geraistos,Geraistos
Carystus,Carystus
Myconos,Myconos
Cassiope,Cassiope
Scheria,Scheria
Paxos,Paxos
Ptychia,Ptychia
Phalacrum,Phalacrum
Sybota,Sybota
Taphiae,Taphiae
Taphias,Taphias
Cephallenia,Cephallenia
Zacynthus,Zacynthus
Ithaca,Ithaca
Dulichium,Dulichium
Same,Same
Elatus,Elatus
Asteris,Asteris
Prote,Prote
Strophades,Strophades
Sphagiae,Sphagiae
Oinussae,Oinussae
Thyrides,Thyrides
Theganusa,Theganusa
Cythera,Cythera
Pityusa,Pityusa
Aperopia,Aperopia
Aristera,Aristera
Calauria,Calauria
Plateis,Plateis
Belbina,Belbina
Cecryphalos,Cecryphalos
Pityonesos,Pityonesos
Aigina,Aigina
Oinone,Oinone
Aspis,Aspis
Aegila,Aegila
Phalasarna,Phalasarna
Sammonium,Sammonium
Criumetopon,Criumetopon
Cyrene,Cyrene
Etaea,Etaea
Cisamon,Cisamon
Pergamum,Pergamum
Cydonia,Cydonia
Minoium,Minoium
Apteron,Apteron
Pantomatrium,Pantomatrium
Amphimalla,Amphimalla
Rhithymna,Rhithymna
Miletos,Miletos
Ampelos,Ampelos
Hierapytna,Hierapytna
Lebena,Lebena
Cnossus,Cnossus
Polyrrenium,Polyrrenium
Lycastus,Lycastus
Lyctus,Lyctus
Pyloros,Pyloros
Rhytion,Rhytion
Lasos,Lasos
Eleuthernae,Eleuthernae
Tylisos,Tylisos
Cadistus,Cadistus
Corycus,Corycus
Phycus,Phycus
Carpathus,Carpathus
Corycae,Corycae
Budroae,Budroae
Dia,Dia
Itanum,Itanum
Leuce,Leuce
Chrysa,Chrysa
Gaudos,Gaudos
Psyttalia,Psyttalia
Helene,Helene
Cea,Cea
Iulis,Iulis
Carthaea,Carthaea
Coresus,Coresus
Poeeessa,Poeeessa
Caphareus,Caphareus
Kenaion,Kenaion
Nesos,Nesos
Cerinthos,Cerinthos
Oreus,Oreus
Aedepsus,Aedepsus
Ocha,Ocha
Eretria,Eretria
Artemisium,Artemisium
Lelantos,Lelantos
Siphnos,Siphnos
Seriphos,Seriphos
Prepesinthus,Prepesinthus
Cythnos,Cythnos
Cynthus,Cynthus
Rhene,Rhene
Scyros,Scyros
Oliaros,Oliaros
Paros,Paros
Phacussa,Phacussa
Nicasia,Nicasia
Schinussa,Schinussa
Pholegandros,Pholegandros
Icaros,Icaros
Ios,Ios
tomb,tomb
Gyara,Gyara
Syrnos,Syrnos
Telos,Telos
Donusa,Donusa
Patmos,Patmos
Corassiae,Corassiae
Lebinthus,Lebinthus
Leros,Leros
Cinara,Cinara
Sicinus,Sicinus
Hieracia,Hieracia
Casos,Casos
Cimolus,Cimolus
Amorgos,Amorgos
Polyaegos,Polyaegos
Lea,Lea
Ascania,Ascania
Hippuris,Hippuris
Platea,Platea
Caminia,Caminia
Tragaea,Tragaea
Pharmacussa,Pharmacussa
Chalcia,Chalcia
Calymna,Calymna
Coos,Coos
Eulimna,Eulimna
Casus,Casus
Petaliae,Petaliae
Myrtoan Sea,Myrtoan Sea
Gulf of Pagasa,Gulf of Pagasa
Euthia,Euthia
Cicynethus,Cicynethus
Scandila,Scandila
Gulf of Thermae,Gulf of Thermae
Eudemia,Eudemia
Peparethus,Peparethus
Sciathus,Sciathus
Imbros,Imbros
Hephaestia,Hephaestia
Myrina,Myrina
Thasos,Thasos
Samothrace,Samothrace
Dardania,Dardania
Halonnesos,Halonnesos
Lamponia,Lamponia
Alopeconnesus,Alopeconnesus
Arconnesus,Arconnesus
Mesate,Mesate
Priapus,Priapus
Cimmerian Bosporus,Cimmerian Bosporus
Borysthenes,Borysthenes
Panticapaion,Panticapaion
Riphaean,Riphaean
Istropolis,Istropolis
Rauricum,Rauricum
Peuce,Peuce
Halmyris,Halmyris
Hercynian Forest,Hercynian Forest
Carnuntum,Carnuntum
Sarmatia,Sarmatia
Tyra,Tyra
Olbiopolis,Olbiopolis
island of Achilles,island of Achilles
Achilleos Dromos,Achilleos Dromos
Panticapes,Panticapes
Acesinus,Acesinus
Olbia,Olbia
Hypanis,Hypanis
Taphrae,Taphrae
Theodosia,Theodosia
Myrmecium,Myrmecium
Cyanaean,Cyanaean
Capitoline,Capitoline
Dead Sea,Dead Sea
Rhaetia,Rhaetia
Rhine,Rhine
Albis,Albis
Visurgis,Visurgis
Amisius,Amisius
Mosa,Mosa
Britannia,Britannia
Gesoriacum,Gesoriacum
Hibernia,Hibernia
Orcades,Orcades
Mona,Mona
Vectis,Vectis
Sequana,Sequana
Garumna,Garumna
promontory,promontory
Pyrenaean,Pyrenaean
Equestris,Equestris
Rauriaca,Rauriaca
Colonia Agrippinensis,Colonia Agrippinensis
Ligeris,Ligeris
Lugdunum,Lugdunum
Aquitanica,Aquitanica
Uliarus,Uliarus
Corticata,Corticata
Augusta,Augusta
Gallaecia,Gallaecia
Durius,Durius
Numantia,Numantia
Talabrica,Talabrica
Aeminium,Aeminium
Conimbrica,Conimbrica
Collippo,Collippo
Eburobritium,Eburobritium
Olisipo,Olisipo
Salacia,Salacia
Merobrica,Merobrica
Ossonoba,Ossonoba
Balsa,Balsa
Myrtili,Myrtili
Scalabis,Scalabis
Augusta Emerita,Augusta Emerita
Metallinum,Metallinum
Pax,Pax
Norba,Norba
Castra Caecilia,Castra Caecilia
Julia Gaditana,Julia Gaditana
Cotinusa,Cotinusa
Libya,Libya
Pillars of Hercules,Pillars of Hercules
Tingi,Tingi
Belon,Belon
Lixos,Lixos
Banasa,Banasa
Volubilis,Volubilis
Iol,Iol
Numidia,Numidia
Rusicade,Rusicade
Cirta,Cirta
Sicca,Sicca
Bulla Regia,Bulla Regia
Hippo Regius,Hippo Regius
Promontory of Mercury,Promontory of Mercury
Hippo Dirutus,Hippo Dirutus
Clypea,Clypea
Byzacium,Byzacium
Leptis,Leptis
Adrumetum,Adrumetum
Ruspina,Ruspina
Thapsus,Thapsus
Sabrata,Sabrata
Syrtis,Syrtis
Aethiopia,Aethiopia
Cinyps,Cinyps
Abrotonum,Abrotonum
Altars of the Philaeni,Altars of the Philaeni
Acholla,Acholla
Zama,Zama
oracle of Hammon,oracle of Hammon
Arsinoe,Arsinoe
Teuchira,Teuchira
Barce,Barce
Catabathmos,Catabathmos
Paraetonium,Paraetonium
Greater Syrtis,Greater Syrtis
Oea,Oea
Mareotis,Mareotis
Mareotoe,Mareotoe
Apis,Apis
Canopus,Canopus
Meninx,Meninx
Cercina,Cercina
Aegimuri,Aegimuri
Thebais,Thebais
Tentyrites,Tentyrites
Antaeopolites,Antaeopolites
Pelusium,Pelusium
oracle,oracle
Moeris,Moeris
Cataract,Cataract
Philae,Philae
Elephantis,Elephantis
City of Apollo,City of Apollo
Leucothea,Leucothea
Coptos,Coptos
city of Venus,city of Venus
city of Jupiter,city of Jupiter
Tentyris,Tentyris
Abydus,Abydus
Panopolis,Panopolis
Lycon,Lycon
city of Mercury,city of Mercury
Alabastron,Alabastron
city of Dogs,city of Dogs
city of Hercules,city of Hercules
Pyramids,Pyramids
Labyrinth,Labyrinth
City of the Sun,City of the Sun
Mendes,Mendes
Tanis,Tanis
Butos,Butos
Pharbaethos,Pharbaethos
Leontopolis,Leontopolis
Athribis,Athribis
Isis,Isis
Busiris,Busiris
Cynopolis,Cynopolis
Aphrodites,Aphrodites
Sais,Sais
Naucratis,Naucratis
Casius,Casius
Gaza,Gaza
Palaestina,Palaestina
Judaea,Judaea
Coele Syria,Coele Syria
Phoenice,Phoenice
Sophene,Sophene
Comagene,Comagene
Adiabene,Adiabene
Cilicia,Cilicia
Seleucia Pieria,Seleucia Pieria
Zeugma,Zeugma
Idumaea,Idumaea
Ostracine,Ostracine
Sirbonian,Sirbonian
Rhinocolura,Rhinocolura
Rhaphea,Rhaphea
Samaria,Samaria
Ascalon,Ascalon
Azotus,Azotus
Iamniae,Iamniae
Joppe,Joppe
Sebaste,Sebaste
Gamala,Gamala
Galilaea,Galilaea
Jordanes,Jordanes
Hiericus,Hiericus
Emmaus,Emmaus
Lydda,Lydda
Hierosolyma,Hierosolyma
Herodium,Herodium
Asphaltites,Asphaltites
Julias,Julias
Tarichea,Tarichea
Tiberias,Tiberias
Machaerus,Machaerus
Masada,Masada
Damascus,Damascus
Philadelphia,Philadelphia
Scythopolis,Scythopolis
Nysa,Nysa
Gadara,Gadara
Dion,Dion
Trachonitis,Trachonitis
Abila,Abila
Dorum,Dorum
Sycaminon,Sycaminon
Ace,Ace
Tyre,Tyre
Sarepta,Sarepta
Sidon,Sidon
Libanus,Libanus
Antilibanus,Antilibanus
Berytus,Berytus
Byblos,Byblos
Botrys,Botrys
Trieris,Trieris
Tripolis,Tripolis
Orthosia,Orthosia
Eleutheros,Eleutheros
Marathos,Marathos
Arados,Arados
Balanea,Balanea
Paltos,Paltos
Gabale,Gabale
Laodicea,Laodicea
Posidium,Posidium
Antiochia,Antiochia
Heliopolis,Heliopolis
Rhosos,Rhosos
Gates of Syria,Gates of Syria
Myriandros,Myriandros
Amanus,Amanus
Apamea,Apamea
Cyrrhum,Cyrrhum
Pagrae,Pagrae
Seleucia,Seleucia
Melitene,Melitene
Edessa,Edessa
Carrhae,Carrhae
Nicephorium,Nicephorium
Thapsacus,Thapsacus
Palmyra,Palmyra
Petra,Petra
Emesa,Emesa
Sura,Sura
Gates,Gates
Gulf of Issos,Gulf of Issos
Aegae,Aegae
Pyramus,Pyramus
Gates of Cilicia,Gates of Cilicia
Mallos,Mallos
Magarsos,Magarsos
Tarsus,Tarsus
Anchiale,Anchiale
Cydnus,Cydnus
town,town
Soli,Soli
Adana,Adana
Cibyra,Cibyra
Iotape,Iotape
Calycadnus,Calycadnus
Holmoe,Holmoe
Anemurium,Anemurium
Coracesium,Coracesium
Anazarbus,Anazarbus
Castabala,Castabala
Epiphania,Epiphania
Eleusa,Eleusa
Iconium,Iconium
Holmia,Holmia
Pamphylia,Pamphylia
Isauria,Isauria
Isaura,Isaura
Sagalessos,Sagalessos
Lycaonia,Lycaonia
Philomelium,Philomelium
Galatia,Galatia
Arycanda,Arycanda
Side,Side
Aspendus,Aspendus
Perga,Perga
Eurymedon,Eurymedon
Lyrnesus,Lyrnesus
Chelidonium,Chelidonium
Pontus,Pontus
Imaus,Imaus
Emodos,Emodos
Gates of the Caspian,Gates of the Caspian
Simena,Simena
Gagae,Gagae
Corydalla,Corydalla
Rhodiopolis,Rhodiopolis
Limyra,Limyra
Andriaca,Andriaca
Myra,Myra
Aperrae,Aperrae
Antiphellos,Antiphellos
Phellos,Phellos
Sidyma,Sidyma
Cragus,Cragus
Pinara,Pinara
Telmessus,Telmessus
Candyba,Candyba
Podalia,Podalia
Choma,Choma
Cyaneae,Cyaneae
Lisa,Lisa
Tlos,Tlos
Telandrus,Telandrus
Oenianda,Oenianda
Balbura,Balbura
Bubon,Bubon
Phrygia,Phrygia
Ionia,Ionia
Aeolis,Aeolis
Daedala,Daedala
Crya,Crya
Calynda,Calynda
Caunos,Caunos
Pyrnos,Pyrnos
Cressa,Cressa
Loryma,Loryma
Tisanusa,Tisanusa
Thymnias,Thymnias
Hyda,Hyda
Cnidos,Cnidos
Triopia,Triopia
Stadia,Stadia
Synnas,Synnas
Celaenae,Celaenae
Hamaxitos,Hamaxitos
Euthene,Euthene
Theangela,Theangela
Uranium,Uranium
Pedasus,Pedasus
Telmissus,Telmissus
Ceramus,Ceramus
Iasus,Iasus
Myndos,Myndos
Palaeomyndos,Palaeomyndos
Caryanda,Caryanda
Termera,Termera
Bargyla,Bargyla
Mylasa,Mylasa
Eumenia,Eumenia
Orthosa,Orthosa
Tralles,Tralles
Eurome,Eurome
Amyzon,Amyzon
Alabanda,Alabanda
Stratonicea,Stratonicea
Mysia,Mysia
Maeonia,Maeonia
Sardes,Sardes
Tmolus,Tmolus
Pactolus,Pactolus
Iasos,Iasos
Posideum,Posideum
Branchidae,Branchidae
Didymaean,Didymaean
Latmus,Latmus
Myus,Myus
Priene,Priene
Phygela,Phygela
Marathesium,Marathesium
Thyatira,Thyatira
Ortygia,Ortygia
Smyrna,Smyrna
Ptelea,Ptelea
Cayster,Cayster
Halesus,Halesus
Notium,Notium
Mimas,Mimas
Clazomenae,Clazomenae
Hippi,Hippi
Sipylum,Sipylum
Meles,Meles
Hermus,Hermus
Dorylaion,Dorylaion
Temnos,Temnos
Phocaea,Phocaea
Aeolia,Aeolia
Troas,Troas
Larissa,Larissa
Cyme,Cyme
Neontichos,Neontichos
Titanus,Titanus
Grynia,Grynia
Elaea,Elaea
Caicus,Caicus
Canae,Canae
Atarnea,Atarnea
Carene,Carene
Cisthene,Cisthene
Cilla,Cilla
Theba,Theba
Astyre,Astyre
Palaescepsis,Palaescepsis
Gergitha,Gergitha
Neandros,Neandros
Perperene,Perperene
Coryphas,Coryphas
Scepsis,Scepsis
Lyrnesos,Lyrnesos
Adramytteos,Adramytteos
Gargara,Gargara
Antandros,Antandros
Palamedium,Palamedium
Lecton,Lecton
Polymedia,Polymedia
Colone,Colone
Adramyttium,Adramyttium
Rhyndacus,Rhyndacus
Hamaxitus,Hamaxitus
Cebrenia,Cebrenia
Nee,Nee
Scamander,Scamander
Simois,Simois
Granicus,Granicus
Scamandria,Scamandria
Rhoeteum,Rhoeteum
Dardanium,Dardanium
Arisbe,Arisbe
Achilleon,Achilleon
Teuthrania,Teuthrania
Pioniae,Pioniae
Cale,Cale
Tiare,Tiare
Teuthranie,Teuthranie
Haliserne,Haliserne
Thymbre,Thymbre
Pergamus,Pergamus
Dardanum,Dardanum
Cataonia,Cataonia
Acamas,Acamas
Nea Paphos,Nea Paphos
Palaepaphos,Palaepaphos
Curias,Curias
Citium,Citium
Corinaeum,Corinaeum
Amathus,Amathus
Lapethos,Lapethos
Soloi,Soloi
Tamasos,Tamasos
Chytri,Chytri
Carpasium,Carpasium
Golgi,Golgi
Cinyria,Cinyria
Marium,Marium
Idalium,Idalium
Cleides,Cleides
Hierocepia,Hierocepia
Megista,Megista
Rhoge,Rhoge
Telandria,Telandria
Caunus,Caunus
Lindos,Lindos
Camirus,Camirus
Ialysus,Ialysus
Rhodos,Rhodos
Nisyros,Nisyros
Syme,Syme
Diabetae,Diabetae
Hymos,Hymos
Chalce,Chalce
Teutlusa,Teutlusa
Narthecusa,Narthecusa
Dimastos,Dimastos
Calydna,Calydna
Argiae,Argiae
Lepsia,Lepsia
Prion,Prion
Ceramicus,Ceramicus
Passala,Passala
Trageae,Trageae
Corseae,Corseae
Lade,Lade
Trogiliae,Trogiliae
Mycale,Mycale
Argennon,Argennon
Imbrasus,Imbrasus
Chesius,Chesius
Pelennaeus,Pelennaeus
Oenussa,Oenussa
Arginusa,Arginusa
Myonnesos,Myonnesos
Poroselene,Poroselene
Sidusa,Sidusa
Pyrrha,Pyrrha
Methymna,Methymna
Eresos,Eresos
Lepethymnus,Lepethymnus
Ordymnus,Ordymnus
Sandaleon,Sandaleon
Arginussae,Arginussae
Aege,Aege
Percote,Percote
Adrastia,Adrastia
Priapos,Priapos
Aesepus,Aesepus
Zelia,Zelia
Artace,Artace
Cyzicus,Cyzicus
Arctonnesos,Arctonnesos
Dindymus,Dindymus
Placia,Placia
Scylace,Scylace
Miletopolis,Miletopolis
Myrlea,Myrlea
Bryllion,Bryllion
Cius,Cius
Lectum,Lectum
Pisidia,Pisidia
Ancyra,Ancyra
Colossae,Colossae
Cotyaion,Cotyaion
Gordium,Gordium
Tavium,Tavium
Pessinus,Pessinus
Baris,Baris
Sangarius,Sangarius
Prusa,Prusa
Lake Ascanius,Lake Ascanius
Pythopolis,Pythopolis
Astacum,Astacum
Libyssa,Libyssa
Nicomedia,Nicomedia
Chalcedon,Chalcedon
Bithynion,Bithynion
Chrysopolis,Chrysopolis
Amycus,Amycus
Elaphonnesus,Elaphonnesus
Proconnesus,Proconnesus
Ophiussa,Ophiussa
Demonnesos,Demonnesos
Rhodussae,Rhodussae
Megale,Megale
Chalcitis,Chalcitis
west,west
east,east
Phasis,Phasis
Cimmerian Straits,Cimmerian Straits
Rhebas,Rhebas
Calpas,Calpas
Sagaris,Sagaris
Tium,Tium
Cromna,Cromna
Amastris,Amastris
Cytorus,Cytorus
Armene,Armene
Sinope,Sinope
Halys,Halys
Amisus,Amisus
Eupatoria,Eupatoria
Pompeiopolis,Pompeiopolis
Archelais,Archelais
Comana,Comana
Neocaesarea,Neocaesarea
Amasia,Amasia
Iris,Iris
Sebastopolis,Sebastopolis
Tyana,Tyana
Magnopolis,Magnopolis
Zela,Zela
Argaeus,Argaeus
Themiscyra,Themiscyra
Ziela,Ziela
Thermodon,Thermodon
Phanaroea,Phanaroea
Cotyorum,Cotyorum
Cerasus,Cerasus
Polemonium,Polemonium
Pharnacea,Pharnacea
Pharnacia,Pharnacia
Trapezus,Trapezus
fortress,fortress
Acampsis,Acampsis
Absarus,Absarus
Hyrcanian sea,Hyrcanian sea
Dioscurias,Dioscurias
Pityus,Pityus
Caspian sea,Caspian sea
Eion,Eion
Hermonassa,Hermonassa
Cepi,Cepi
Phanagoria,Phanagoria
Araxes,Araxes
Cyrus,Cyrus
Tigranocerta,Tigranocerta
Artaxata,Artaxata
Sopheni,Sopheni
Hyrcanian Sea,Hyrcanian Sea
Caspian Gates,Caspian Gates
Gaugamela,Gaugamela
Nisibis,Nisibis
Ninus,Ninus
Ecbatana,Ecbatana
Cordueni,Cordueni
Margiane,Margiane
Oxus,Oxus
Panda,Panda
Emaus,Emaus
Hydaspes,Hydaspes
Taprobane,Taprobane
Carmania,Carmania
Arachosia,Arachosia
Pasargadae,Pasargadae
Susiane,Susiane
Eulaeus,Eulaeus
Charax,Charax
Cane,Cane
Muziris,Muziris
Persis,Persis
Elymais,Elymais
Nisiaea,Nisiaea
Parthiene,Parthiene
Persepolis,Persepolis
Ctesiphon,Ctesiphon
Parthenias,Parthenias
Adiabeni,Adiabeni
Tylos,Tylos
Heroopolis,Heroopolis
Hegra,Hegra
city of Heroon,city of Heroon
Troglodytice,Troglodytice
Philotera,Philotera
Myoshormon,Myoshormon
Baragaza,Baragaza
Pselcis,Pselcis
Primis,Primis
Cambusis,Cambusis
Napata,Napata
Hiera Sycaminos,Hiera Sycaminos
Atlantis,Atlantis
Chelidonian,Chelidonian
Aria,Aria
Clupea,Clupea
Joppa,Joppa
Byblus,Byblus
Issus,Issus
Gythium,Gythium
Sardis,Sardis
Cassandria,Cassandria
Balearic Islands,Balearic Islands
Samothracia,Samothracia
Aenus,Aenus
Maedica,Maedica
Hispania,Hispania
Ceylon,Ceylon
Trebbia,Trebbia
Ticino,Ticino
Trasimeno,Trasimeno
Cannae,Cannae
Macedon,Macedon
Theatre,Theatre
dockyard,dockyard
senate-house,senate-house
Tarpeian Rock,Tarpeian Rock
Perugia,Perugia
Brescello,Brescello
Faventia,Faventia
Veleia,Veleia
Marseilles,Marseilles
Corfinium,Corfinium
Acropolis,Acropolis
Diospolis,Diospolis
Akragas,Akragas
Areopagus,Areopagus
Troy,Troy
Iolcus,Iolcus
Plataea,Plataea
Senate-house,Senate-house
Beaks,Beaks
Prison,Prison
Catania,Catania
Circus,Circus
Hyrcania,Hyrcania
Lycaean Zeus,Lycaean Zeus
Tentyrus,Tentyrus
Velitrae,Velitrae
Taranto,Taranto
Lanuvium,Lanuvium
Pordoselene,Pordoselene
Lebadeia,Lebadeia
Iviza,Iviza
Latmos,Latmos
Jaffa,Jaffa
Hippo Diarrhytus,Hippo Diarrhytus
Eleutherus,Eleutherus
Dnieper,Dnieper
Horn,Horn
Raetia,Raetia
Aquitaine,Aquitaine
Pantheon,Pantheon
Lake Lucrinus,Lake Lucrinus
Swallow Islands,Swallow Islands
Comitium,Comitium
Hister,Hister
Chalcidice,Chalcidice
Rimini,Rimini
Bizye,Bizye
Volaterrae,Volaterrae
Fidenae,Fidenae
Forum Boarium,Forum Boarium
Rostra,Rostra
Bedriacum,Bedriacum
Hybla,Hybla
Cyrenae,Cyrenae
Cephallania,Cephallania
Reggio,Reggio
Olynthus,Olynthus
Spoleto,Spoleto
Thames,Thames
Chersonese,Chersonese
Nemausus,Nemausus
Lesura,Lesura
Gabalicum,Gabalicum
Sarsina,Sarsina
Treviri,Treviri
Diomede,Diomede
Gortyn,Gortyn
Cave-dwellers' Country,Cave-dwellers' Country
Palestine,Palestine
Thebaid,Thebaid
Lebanon,Lebanon
Gabala,Gabala
Marathus,Marathus
Parapotamia,Parapotamia
Praeneste,Praeneste
Adramytteum,Adramytteum
Salerno,Salerno
Jericho,Jericho
Phasaelis,Phasaelis
shrine,shrine
Janiculan,Janiculan
Long Walls,Long Walls
Sorrento,Sorrento
Tarracina,Tarracina
Florentia,Florentia
Arezzo,Arezzo
Amiternum,Amiternum
Clusium,Clusium
Tivoli,Tivoli
Aegialus,Aegialus
Forum Appii,Forum Appii
Fundi,Fundi
Volturnus,Volturnus
Signia,Signia
Genoa,Genoa
Cosenza,Cosenza
Tempsa,Tempsa
Bari,Bari
Grumentum,Grumentum
Tarragon,Tarragon
Lauron,Lauron
Telmesus,Telmesus
Tripoli,Tripoli
Beyrout,Beyrout
Sebennys,Sebennys
Padua,Padua
Samnium,Samnium
Colline gate,Colline gate
Flaminian road,Flaminian road
Aventine,Aventine
Fidena,Fidena
Elephantine,Elephantine
Panticapaeum,Panticapaeum
Cimmerian Bosphorus,Cimmerian Bosphorus
Aenia,Aenia
amphitheatre,amphitheatre
Voting-booths,Voting-booths
obelisk,obelisk
Antandrus,Antandrus
Viminal,Viminal
Segesta,Segesta
Porta Trigemina,Porta Trigemina
Selinunte,Selinunte
Leontini,Leontini
Nursia,Nursia
Algidus,Algidus
Amiturnum,Amiturnum
Cerinthus,Cerinthus
Lindus,Lindus
Roman Forum,Roman Forum
Cartagena,Cartagena
Mytilene,Mytilene
Lixus,Lixus
Durocortorum,Durocortorum
Amiternae,Amiternae
Heraclium,Heraclium
Athamania,Athamania
Antioch,Antioch
Centuripa,Centuripa
Nabataea,Nabataea
Iguvium,Iguvium
Flaminian way,Flaminian way
Crustumium,Crustumium
Nisyrus,Nisyrus
Dicte,Dicte
Pyra,Pyra
Mount Lykaion,Mount Lykaion
Orchomenos,Orchomenos
Telethrius,Telethrius
Cures,Cures
Arretium,Arretium
Satyrion,Satyrion
pillars of Hercules,pillars of Hercules
Jerusalem,Jerusalem
Taposiris,Taposiris
Medion,Medion
Tarpeian Hill,Tarpeian Hill
Appian Way,Appian Way
island,island
Dardanus,Dardanus
Baliaric,Baliaric
Sextiae,Sextiae
Hestiaeotis,Hestiaeotis
Lusi,Lusi
Mattiaion,Mattiaion
Eurymenae,Eurymenae
Aqua Marcia,Aqua Marcia
Fucine lake,Fucine lake
Tibur,Tibur
Aqua Virgo,Aqua Virgo
Enneacrunos,Enneacrunos
Narnia,Narnia
Gela,Gela
Pagasae,Pagasae
Centuripae,Centuripae
Delmatia,Delmatia
Clitae,Clitae
Antiphellus,Antiphellus
Helorus,Helorus
Hieropolis,Hieropolis
Grynium,Grynium
Histria,Histria
Salonae,Salonae
Volsinii,Volsinii
theatre of Pompey,theatre of Pompey
Golden Palace,Golden Palace
Callaecia,Callaecia
Flaminian circus,Flaminian circus
temple of Vesta,temple of Vesta
temple of the Castors,temple of the Castors
Anagnia,Anagnia
works,works
Campus Martius,Campus Martius
Temple of Artemis,Temple of Artemis
Parthenon,Parthenon
temple of Today's Fortune,temple of Today's Fortune
Lysimachea,Lysimachea
Circus Maximus,Circus Maximus
Warm Baths,Warm Baths
oracular shrine,oracular shrine
Temple of Felicitas,Temple of Felicitas
Temple of Concord,Temple of Concord
harbour,harbour
Didyma,Didyma
temple of Concord,temple of Concord
Athene,Athene
Temple of Peace,Temple of Peace
Golden Mansion,Golden Mansion
Elba,Elba
Tarragona,Tarragona
Alesia,Alesia
Bordeaux,Bordeaux
Basilica Aemilia,Basilica Aemilia
hot baths,hot baths
curia,curia
Painted Portico,Painted Portico
propylon,propylon
Porticoes,Porticoes
Golden House,Golden House
Octavia's Buildings,Octavia's Buildings
Shrine,Shrine
Asti,Asti
Cassandreae,Cassandreae
Pitana,Pitana
Mevania,Mevania
Stromboli,Stromboli
Bubo,Bubo
Tymphaea,Tymphaea
statue,statue
Cerameicus,Cerameicus
Octavia's Rooms,Octavia's Rooms
Portico of Octavia,Portico of Octavia
Circus Flaminius,Circus Flaminius
Hall of Octavia,Hall of Octavia
Voting Enclosure,Voting Enclosure
Mausoleum,Mausoleum
Propylaion,Propylaion
Portico,Portico
arch,arch
palace,palace
Pompeium,Pompeium
Caelian,Caelian
theatre,theatre
one,one
Campus,Campus
pavement,pavement
pyramids,pyramids
labyrinth,labyrinth
pyramid,pyramid
labyrinths,labyrinths
Heracleopolis,Heracleopolis
Heptaphonon,Heptaphonon
Sublician Bridge,Sublician Bridge
Basilica of Paulus,Basilica of Paulus
Ballot Office,Ballot Office
sewers,sewers
Pompey's theatre,Pompey's theatre
Aqua Appia,Aqua Appia
Tepula,Tepula
Anio Novus,Anio Novus
Fucine Lake,Fucine Lake
Boebe,Boebe
Hyettus,Hyettus
Syros,Syros
Cora,Cora
Taphiusa,Taphiusa
Perrhaebia,Perrhaebia
Intercatia,Intercatia
Thoricus,Thoricus
Alabastrum,Alabastrum
Amisos,Amisos
Trachis,Trachis
Ebro,Ebro
Atarneus,Atarneus
